name,name_en,lat,lon,kg_n_per_year,country_code,country,province,workers,liters,__type
Construction site 0,Construction site 0,47.47331477,19.1915583,99.645,HU,Hungary,Budapest,150,28470,construction
Construction site 1,Construction site 1,47.37879641,19.18839115,99.645,HU,Hungary,Pest,150,28470,construction
Construction site 2,Construction site 2,47.45330558,19.08869214,99.645,HU,Hungary,Budapest,150,28470,construction
Construction site 3,Construction site 3,47.57222649,19.01651993,99.645,HU,Hungary,Budapest,150,28470,construction
Construction site 4,Construction site 4,47.57546156,18.96212641,99.645,HU,Hungary,Budapest,150,28470,construction
Construction site 5,Construction site 5,47.5492234,19.1515999,99.645,HU,Hungary,Budapest,150,28470,construction
Construction site 6,Construction site 6,47.41288744,19.0834225,99.645,HU,Hungary,Budapest,150,28470,construction
Construction site 7,Construction site 7,47.45841023,19.26121437,99.645,HU,Hungary,Budapest,150,28470,construction
Construction site 8,Construction site 8,47.46286401,19.26005822,99.645,HU,Hungary,Budapest,150,28470,construction
Construction site 9,Construction site 9,47.43142669,19.05020863,99.645,HU,Hungary,Budapest,150,28470,construction
Construction site 10,Construction site 10,47.5522149,18.96860801,99.645,HU,Hungary,Budapest,150,28470,construction
Construction site 11,Construction site 11,47.46731926,19.23222332,99.645,HU,Hungary,Budapest,150,28470,construction
Construction site 12,Construction site 12,47.47124404,19.24716863,99.645,HU,Hungary,Budapest,150,28470,construction
Construction site 13,Construction site 13,47.50675298,19.22794896,99.645,HU,Hungary,Budapest,150,28470,construction
Construction site 14,Construction site 14,47.50194458,19.23337259,99.645,HU,Hungary,Budapest,150,28470,construction
Construction site 15,Construction site 15,47.58412235,19.0712617,99.645,HU,Hungary,Budapest,150,28470,construction
Construction site 16,Construction site 16,47.40445011,19.01995972,99.645,HU,Hungary,Budapest,150,28470,construction
Construction site 17,Construction site 17,47.53604318,19.00712936,99.645,HU,Hungary,Budapest,150,28470,construction
Construction site 18,Construction site 18,47.39450045,19.0403869,99.645,HU,Hungary,Budapest,150,28470,construction
Construction site 19,Construction site 19,47.51509494,19.19644934,99.645,HU,Hungary,Budapest,150,28470,construction
Construction site 20,Construction site 20,47.47217175,19.14715788,99.645,HU,Hungary,Budapest,150,28470,construction
Construction site 21,Construction site 21,47.39989857,19.18709766,99.645,HU,Hungary,Budapest,150,28470,construction
Construction site 22,Construction site 22,47.4064219,19.06823622,99.645,HU,Hungary,Budapest,150,28470,construction
Construction site 23,Construction site 23,47.55982465,19.03891704,99.645,HU,Hungary,Budapest,150,28470,construction
Construction site 24,Construction site 24,47.50259826,19.13767242,99.645,HU,Hungary,Budapest,150,28470,construction
Construction site 25,Construction site 25,47.41025727,19.10609437,99.645,HU,Hungary,Budapest,150,28470,construction
Construction site 26,Construction site 26,47.50394278,19.21443591,99.645,HU,Hungary,Budapest,150,28470,construction
Construction site 27,Construction site 27,47.54271244,19.14577211,99.645,HU,Hungary,Budapest,150,28470,construction
Construction site 28,Construction site 28,47.50220128,19.25294553,99.645,HU,Hungary,Budapest,150,28470,construction
Construction site 29,Construction site 29,47.49046496,19.09720827,99.645,HU,Hungary,Budapest,150,28470,construction
Construction site 30,Construction site 30,47.39877151,18.9825638,99.645,HU,Hungary,Pest,150,28470,construction
Construction site 31,Construction site 31,47.57387334,19.13351273,99.645,HU,Hungary,Budapest,150,28470,construction
Construction site 32,Construction site 32,47.53403741,18.94230577,99.645,HU,Hungary,Budapest,150,28470,construction
Construction site 33,Construction site 33,47.47516761,19.15760923,99.645,HU,Hungary,Budapest,150,28470,construction
Construction site 34,Construction site 34,47.51798594,19.01818445,99.645,HU,Hungary,Budapest,150,28470,construction
Construction site 35,Construction site 35,47.38482131,19.10974472,99.645,HU,Hungary,Budapest,150,28470,construction
Construction site 36,Construction site 36,47.4511817,19.15842612,99.645,HU,Hungary,Budapest,150,28470,construction
Construction site 37,Construction site 37,47.58287437,19.06303814,99.645,HU,Hungary,Budapest,150,28470,construction
Construction site 38,Construction site 38,47.52029506,19.20133669,99.645,HU,Hungary,Budapest,150,28470,construction
Construction site 39,Construction site 39,47.49710992,19.25075664,99.645,HU,Hungary,Budapest,150,28470,construction
Construction site 40,Construction site 40,47.43948303,19.22692112,99.645,HU,Hungary,Budapest,150,28470,construction
Construction site 41,Construction site 41,47.51006538,19.06483992,99.645,HU,Hungary,Budapest,150,28470,construction
Construction site 42,Construction site 42,47.42763054,19.15736757,99.645,HU,Hungary,Budapest,150,28470,construction
Construction site 43,Construction site 43,47.40420847,19.07386942,99.645,HU,Hungary,Budapest,150,28470,construction
Construction site 44,Construction site 44,47.44472108,19.02421274,99.645,HU,Hungary,Budapest,150,28470,construction
Construction site 45,Construction site 45,47.56695909,18.97311454,99.645,HU,Hungary,Budapest,150,28470,construction
Construction site 46,Construction site 46,47.51172985,18.98526881,99.645,HU,Hungary,Budapest,150,28470,construction
Construction site 47,Construction site 47,47.4440351,19.0537076,99.645,HU,Hungary,Budapest,150,28470,construction
Construction site 48,Construction site 48,47.45764019,19.11579852,99.645,HU,Hungary,Budapest,150,28470,construction
Construction site 49,Construction site 49,47.49524914,19.23367828,99.645,HU,Hungary,Budapest,150,28470,construction
Construction site 50,Construction site 50,47.53707469,19.14192794,99.645,HU,Hungary,Budapest,150,28470,construction
Construction site 51,Construction site 51,47.53515031,19.08980179,99.645,HU,Hungary,Budapest,150,28470,construction
Construction site 52,Construction site 52,47.4629607,19.31648033,99.645,HU,Hungary,Pest,150,28470,construction
Construction site 53,Construction site 53,47.48176604,19.11178712,99.645,HU,Hungary,Budapest,150,28470,construction
Construction site 54,Construction site 54,47.50645241,19.26049861,99.645,HU,Hungary,Budapest,150,28470,construction
Construction site 55,Construction site 55,47.47891353,19.04401875,99.645,HU,Hungary,Budapest,150,28470,construction
Construction site 56,Construction site 56,47.44818814,19.1941215,99.645,HU,Hungary,Budapest,150,28470,construction
Construction site 57,Construction site 57,47.41656175,19.03697046,99.645,HU,Hungary,Budapest,150,28470,construction
Construction site 58,Construction site 58,47.59528909,19.1098436,99.645,HU,Hungary,Budapest,150,28470,construction
Construction site 59,Construction site 59,47.39367824,19.19806424,99.645,HU,Hungary,Budapest,150,28470,construction
Construction site 60,Construction site 60,47.58795688,19.14166013,99.645,HU,Hungary,Pest,150,28470,construction
Construction site 61,Construction site 61,47.45586052,19.23888721,99.645,HU,Hungary,Budapest,150,28470,construction
Construction site 62,Construction site 62,47.39815127,19.08986983,99.645,HU,Hungary,Budapest,150,28470,construction
Construction site 63,Construction site 63,47.51475347,19.02325297,99.645,HU,Hungary,Budapest,150,28470,construction
Construction site 64,Construction site 64,47.45784406,19.20866221,99.645,HU,Hungary,Budapest,150,28470,construction
Construction site 65,Construction site 65,47.43473218,19.21106034,99.645,HU,Hungary,Budapest,150,28470,construction
Construction site 66,Construction site 66,47.47608267,19.06793933,99.645,HU,Hungary,Budapest,150,28470,construction
Construction site 67,Construction site 67,47.59046388,19.12351212,99.645,HU,Hungary,Budapest,150,28470,construction
Construction site 68,Construction site 68,47.55302871,19.10107757,99.645,HU,Hungary,Budapest,150,28470,construction
Construction site 69,Construction site 69,47.4994907,19.18483211,99.645,HU,Hungary,Budapest,150,28470,construction
Construction site 70,Construction site 70,47.58816463,19.13440896,99.645,HU,Hungary,Pest,150,28470,construction
Construction site 71,Construction site 71,47.53192563,18.98533952,99.645,HU,Hungary,Budapest,150,28470,construction
Construction site 72,Construction site 72,47.57024361,19.12347822,99.645,HU,Hungary,Budapest,150,28470,construction
Construction site 73,Construction site 73,47.48292567,19.14863737,99.645,HU,Hungary,Budapest,150,28470,construction
Construction site 74,Construction site 74,47.57360061,19.14441099,99.645,HU,Hungary,Budapest,150,28470,construction
Construction site 75,Construction site 75,47.51993487,19.07921684,99.645,HU,Hungary,Budapest,150,28470,construction
Construction site 76,Construction site 76,47.37216806,19.17094627,99.645,HU,Hungary,Budapest,150,28470,construction
Construction site 77,Construction site 77,47.37940999,19.13296711,99.645,HU,Hungary,Budapest,150,28470,construction
Construction site 78,Construction site 78,47.48327208,18.96486514,99.645,HU,Hungary,Budapest,150,28470,construction
Construction site 79,Construction site 79,47.52501731,18.97452189,99.645,HU,Hungary,Budapest,150,28470,construction
Construction site 80,Construction site 80,47.5645847,19.11849075,99.645,HU,Hungary,Budapest,150,28470,construction
Construction site 81,Construction site 81,47.51072838,19.19724659,99.645,HU,Hungary,Budapest,150,28470,construction
Construction site 82,Construction site 82,47.46522802,19.12762557,99.645,HU,Hungary,Budapest,150,28470,construction
Construction site 83,Construction site 83,47.5109027,19.02950559,99.645,HU,Hungary,Budapest,150,28470,construction
Construction site 84,Construction site 84,47.54012657,18.99252932,99.645,HU,Hungary,Budapest,150,28470,construction
Construction site 85,Construction site 85,47.4866438,19.21103722,99.645,HU,Hungary,Budapest,150,28470,construction
Construction site 86,Construction site 86,47.39755971,19.19169753,99.645,HU,Hungary,Budapest,150,28470,construction
Construction site 87,Construction site 87,47.50226392,19.2017311,99.645,HU,Hungary,Budapest,150,28470,construction
Construction site 88,Construction site 88,47.40848497,19.2206338,99.645,HU,Hungary,Budapest,150,28470,construction
Construction site 89,Construction site 89,47.46447222,19.01784052,99.645,HU,Hungary,Budapest,150,28470,construction
Construction site 90,Construction site 90,47.40826322,18.98356785,99.645,HU,Hungary,Pest,150,28470,construction
Construction site 91,Construction site 91,47.47214684,19.11443779,99.645,HU,Hungary,Budapest,150,28470,construction
Construction site 92,Construction site 92,47.50109114,19.07110284,99.645,HU,Hungary,Budapest,150,28470,construction
Construction site 93,Construction site 93,47.47187704,19.03197847,99.645,HU,Hungary,Budapest,150,28470,construction
Construction site 94,Construction site 94,47.50375841,19.1091182,99.645,HU,Hungary,Budapest,150,28470,construction
Construction site 95,Construction site 95,47.46725631,19.174966,99.645,HU,Hungary,Budapest,150,28470,construction
Construction site 96,Construction site 96,47.51137271,19.30272515,99.645,HU,Hungary,Pest,150,28470,construction
Construction site 97,Construction site 97,47.43524668,19.0334821,99.645,HU,Hungary,Budapest,150,28470,construction
Construction site 98,Construction site 98,47.50519047,19.15041624,99.645,HU,Hungary,Budapest,150,28470,construction
Construction site 99,Construction site 99,47.5568804,18.94489937,99.645,HU,Hungary,Budapest,150,28470,construction
Construction site 100,Construction site 100,47.56582269,18.9603555,99.645,HU,Hungary,Budapest,150,28470,construction
Construction site 101,Construction site 101,47.41840463,19.03364733,99.645,HU,Hungary,Budapest,150,28470,construction
Construction site 102,Construction site 102,47.56488177,18.98657664,99.645,HU,Hungary,Budapest,150,28470,construction
Construction site 103,Construction site 103,47.54109713,19.05083507,99.645,HU,Hungary,Budapest,150,28470,construction
Construction site 104,Construction site 104,47.56312924,19.09484305,99.645,HU,Hungary,Budapest,150,28470,construction
Construction site 105,Construction site 105,47.49559653,19.25255113,99.645,HU,Hungary,Budapest,150,28470,construction
Construction site 106,Construction site 106,47.40482463,19.15575566,99.645,HU,Hungary,Budapest,150,28470,construction
Construction site 107,Construction site 107,47.52307434,19.01184128,99.645,HU,Hungary,Budapest,150,28470,construction
Construction site 108,Construction site 108,47.48259814,19.1466196,99.645,HU,Hungary,Budapest,150,28470,construction
Construction site 109,Construction site 109,47.45505791,19.00121104,99.645,HU,Hungary,Budapest,150,28470,construction
Construction site 110,Construction site 110,47.4968069,18.99171102,99.645,HU,Hungary,Budapest,150,28470,construction
Construction site 111,Construction site 111,47.45503764,19.11251132,99.645,HU,Hungary,Budapest,150,28470,construction
Construction site 112,Construction site 112,47.48854868,19.04770638,99.645,HU,Hungary,Budapest,150,28470,construction
Construction site 113,Construction site 113,47.46426974,19.06009196,99.645,HU,Hungary,Budapest,150,28470,construction
Construction site 114,Construction site 114,47.38621959,19.13501293,99.645,HU,Hungary,Budapest,150,28470,construction
Construction site 115,Construction site 115,47.55044479,19.12089741,99.645,HU,Hungary,Budapest,150,28470,construction
Construction site 116,Construction site 116,47.50607683,19.10929907,99.645,HU,Hungary,Budapest,150,28470,construction
Construction site 117,Construction site 117,47.47501085,19.02500729,99.645,HU,Hungary,Budapest,150,28470,construction
Construction site 118,Construction site 118,47.44196401,19.07273272,99.645,HU,Hungary,Budapest,150,28470,construction
Construction site 119,Construction site 119,47.53345129,19.01267832,99.645,HU,Hungary,Budapest,150,28470,construction
Construction site 120,Construction site 120,47.5142354,18.95666804,99.645,HU,Hungary,Budapest,150,28470,construction
Construction site 121,Construction site 121,47.39094141,19.19850322,99.645,HU,Hungary,Budapest,150,28470,construction
Construction site 122,Construction site 122,47.52255204,19.03768712,99.645,HU,Hungary,Budapest,150,28470,construction
Construction site 123,Construction site 123,47.53847835,19.20745136,99.645,HU,Hungary,Budapest,150,28470,construction
Construction site 124,Construction site 124,47.48233852,19.18580297,99.645,HU,Hungary,Budapest,150,28470,construction
Construction site 125,Construction site 125,47.40399757,19.11231183,99.645,HU,Hungary,Budapest,150,28470,construction
Construction site 126,Construction site 126,47.48974606,19.1615296,99.645,HU,Hungary,Budapest,150,28470,construction
Construction site 127,Construction site 127,47.53019643,18.95375041,99.645,HU,Hungary,Budapest,150,28470,construction
Construction site 128,Construction site 128,47.51380605,19.16260178,99.645,HU,Hungary,Budapest,150,28470,construction
Construction site 129,Construction site 129,47.41760391,19.16559045,99.645,HU,Hungary,Budapest,150,28470,construction
Construction site 130,Construction site 130,47.3956009,18.99337569,99.645,HU,Hungary,Budapest,150,28470,construction
Construction site 131,Construction site 131,47.41023642,19.13015591,99.645,HU,Hungary,Budapest,150,28470,construction
Construction site 132,Construction site 132,47.55039136,19.11404113,99.645,HU,Hungary,Budapest,150,28470,construction
Construction site 133,Construction site 133,47.50349104,18.99610825,99.645,HU,Hungary,Budapest,150,28470,construction
Construction site 134,Construction site 134,47.41144248,18.97848302,99.645,HU,Hungary,Pest,150,28470,construction
Construction site 135,Construction site 135,47.48312313,18.99065467,99.645,HU,Hungary,Budapest,150,28470,construction
Construction site 136,Construction site 136,47.45650474,19.15007097,99.645,HU,Hungary,Budapest,150,28470,construction
Construction site 137,Construction site 137,47.51150516,19.11813827,99.645,HU,Hungary,Budapest,150,28470,construction
Construction site 138,Construction site 138,47.43672552,19.08104592,99.645,HU,Hungary,Budapest,150,28470,construction
Construction site 139,Construction site 139,47.57505023,19.05749505,99.645,HU,Hungary,Budapest,150,28470,construction
Construction site 140,Construction site 140,47.49553811,18.96029389,99.645,HU,Hungary,Budapest,150,28470,construction
Construction site 141,Construction site 141,47.60257376,19.05187026,99.645,HU,Hungary,Pest,150,28470,construction
Construction site 142,Construction site 142,47.36282361,19.14160711,99.645,HU,Hungary,Pest,150,28470,construction
Construction site 143,Construction site 143,47.54100809,18.99989729,99.645,HU,Hungary,Budapest,150,28470,construction
Construction site 144,Construction site 144,47.52197223,19.1639641,99.645,HU,Hungary,Budapest,150,28470,construction
Construction site 145,Construction site 145,47.57279823,19.03998291,99.645,HU,Hungary,Budapest,150,28470,construction
Construction site 146,Construction site 146,47.48993026,19.02989744,99.645,HU,Hungary,Budapest,150,28470,construction
Construction site 147,Construction site 147,47.41830108,19.20902766,99.645,HU,Hungary,Budapest,150,28470,construction
Construction site 148,Construction site 148,47.51387998,19.19345251,99.645,HU,Hungary,Budapest,150,28470,construction
Construction site 149,Construction site 149,47.52467828,19.14979408,99.645,HU,Hungary,Budapest,150,28470,construction
Construction site 150,Construction site 150,47.47446129,19.21031097,99.645,HU,Hungary,Budapest,150,28470,construction
Construction site 151,Construction site 151,47.44385417,19.14441664,99.645,HU,Hungary,Budapest,150,28470,construction
Construction site 152,Construction site 152,47.57750572,19.07642474,99.645,HU,Hungary,Budapest,150,28470,construction
Construction site 153,Construction site 153,47.50348706,19.15537931,99.645,HU,Hungary,Budapest,150,28470,construction
Construction site 154,Construction site 154,47.46327398,19.002713,99.645,HU,Hungary,Budapest,150,28470,construction
Construction site 155,Construction site 155,47.4549369,19.1188992,99.645,HU,Hungary,Budapest,150,28470,construction
Construction site 156,Construction site 156,47.52739201,19.06463362,99.645,HU,Hungary,Budapest,150,28470,construction
Construction site 157,Construction site 157,47.50278064,19.15210042,99.645,HU,Hungary,Budapest,150,28470,construction
Construction site 158,Construction site 158,47.46941141,19.07808661,99.645,HU,Hungary,Budapest,150,28470,construction
Construction site 159,Construction site 159,47.50829949,18.99149748,99.645,HU,Hungary,Budapest,150,28470,construction
Construction site 160,Construction site 160,47.50517834,19.0624571,99.645,HU,Hungary,Budapest,150,28470,construction
Construction site 161,Construction site 161,47.43241626,19.26032165,99.645,HU,Hungary,Budapest,150,28470,construction
Construction site 162,Construction site 162,47.4338815,19.21123954,99.645,HU,Hungary,Budapest,150,28470,construction
Construction site 163,Construction site 163,47.57139211,19.13127688,99.645,HU,Hungary,Budapest,150,28470,construction
Construction site 164,Construction site 164,47.45032673,19.2141374,99.645,HU,Hungary,Budapest,150,28470,construction
Construction site 165,Construction site 165,47.43865359,19.04853045,99.645,HU,Hungary,Budapest,150,28470,construction
Construction site 166,Construction site 166,47.48594421,19.03995704,99.645,HU,Hungary,Budapest,150,28470,construction
Construction site 167,Construction site 167,47.53084525,19.16941402,99.645,HU,Hungary,Budapest,150,28470,construction
Construction site 168,Construction site 168,47.54110615,19.11078594,99.645,HU,Hungary,Budapest,150,28470,construction
Construction site 169,Construction site 169,47.48375111,18.97640839,99.645,HU,Hungary,Budapest,150,28470,construction
Construction site 170,Construction site 170,47.53784881,19.09920791,99.645,HU,Hungary,Budapest,150,28470,construction
Construction site 171,Construction site 171,47.50642782,18.96903694,99.645,HU,Hungary,Budapest,150,28470,construction
Construction site 172,Construction site 172,47.55856234,19.14861436,99.645,HU,Hungary,Budapest,150,28470,construction
Construction site 173,Construction site 173,47.5085454,19.15948969,99.645,HU,Hungary,Budapest,150,28470,construction
Construction site 174,Construction site 174,47.45798869,19.09256912,99.645,HU,Hungary,Budapest,150,28470,construction
Construction site 175,Construction site 175,47.44941697,19.04035537,99.645,HU,Hungary,Budapest,150,28470,construction
Construction site 176,Construction site 176,47.54185952,19.03572801,99.645,HU,Hungary,Budapest,150,28470,construction
Construction site 177,Construction site 177,47.52417167,19.04229838,99.645,HU,Hungary,Budapest,150,28470,construction
Construction site 178,Construction site 178,47.49450585,19.16144473,99.645,HU,Hungary,Budapest,150,28470,construction
Construction site 179,Construction site 179,47.54337269,18.99087151,99.645,HU,Hungary,Budapest,150,28470,construction
Construction site 180,Construction site 180,47.51037231,19.12196234,99.645,HU,Hungary,Budapest,150,28470,construction
Construction site 181,Construction site 181,47.46642262,19.32017373,99.645,HU,Hungary,Pest,150,28470,construction
Construction site 182,Construction site 182,47.59463838,19.06556361,99.645,HU,Hungary,Budapest,150,28470,construction
Construction site 183,Construction site 183,47.5835438,19.13365416,99.645,HU,Hungary,Budapest,150,28470,construction
Construction site 184,Construction site 184,47.39543541,19.12200678,99.645,HU,Hungary,Budapest,150,28470,construction
Construction site 185,Construction site 185,47.45676881,19.06214993,99.645,HU,Hungary,Budapest,150,28470,construction
Construction site 186,Construction site 186,47.56635493,19.09561118,99.645,HU,Hungary,Budapest,150,28470,construction
Construction site 187,Construction site 187,47.548654,19.10442353,99.645,HU,Hungary,Budapest,150,28470,construction
Construction site 188,Construction site 188,47.3872981,19.15091355,99.645,HU,Hungary,Budapest,150,28470,construction
Construction site 189,Construction site 189,47.55490998,18.99890994,99.645,HU,Hungary,Budapest,150,28470,construction
Construction site 190,Construction site 190,47.54505399,19.11161667,99.645,HU,Hungary,Budapest,150,28470,construction
Construction site 191,Construction site 191,47.48969083,18.96058208,99.645,HU,Hungary,Budapest,150,28470,construction
Construction site 192,Construction site 192,47.53573135,19.18973636,99.645,HU,Hungary,Budapest,150,28470,construction
Construction site 193,Construction site 193,47.44090309,19.06220815,99.645,HU,Hungary,Budapest,150,28470,construction
Construction site 194,Construction site 194,47.38503031,19.1794596,99.645,HU,Hungary,Budapest,150,28470,construction
Construction site 195,Construction site 195,47.51181057,19.13099581,99.645,HU,Hungary,Budapest,150,28470,construction
Construction site 196,Construction site 196,47.53426257,19.20850339,99.645,HU,Hungary,Budapest,150,28470,construction
Construction site 197,Construction site 197,47.40576537,19.06822423,99.645,HU,Hungary,Budapest,150,28470,construction
Construction site 198,Construction site 198,47.47510481,18.9828512,99.645,HU,Hungary,Budapest,150,28470,construction
Construction site 199,Construction site 199,47.45605713,18.99756455,99.645,HU,Hungary,Budapest,150,28470,construction
Construction site 200,Construction site 200,47.48688152,18.99867106,99.645,HU,Hungary,Budapest,150,28470,construction
Construction site 201,Construction site 201,47.4780487,19.31468251,99.645,HU,Hungary,Budapest,150,28470,construction
Construction site 202,Construction site 202,47.41322646,19.21699413,99.645,HU,Hungary,Budapest,150,28470,construction
Construction site 203,Construction site 203,47.43004982,18.98906253,99.645,HU,Hungary,Budapest,150,28470,construction
Construction site 204,Construction site 204,47.42569736,19.15480671,99.645,HU,Hungary,Budapest,150,28470,construction
Construction site 205,Construction site 205,47.47275608,19.08513202,99.645,HU,Hungary,Budapest,150,28470,construction
Construction site 206,Construction site 206,47.39736504,18.98333415,99.645,HU,Hungary,Pest,150,28470,construction
Construction site 207,Construction site 207,47.55549478,19.01928607,99.645,HU,Hungary,Budapest,150,28470,construction
Construction site 208,Construction site 208,47.45464759,19.17058243,99.645,HU,Hungary,Budapest,150,28470,construction
Construction site 209,Construction site 209,47.49877124,19.0515212,99.645,HU,Hungary,Budapest,150,28470,construction
Construction site 210,Construction site 210,47.47304987,19.313172,99.645,HU,Hungary,Budapest,150,28470,construction
Construction site 211,Construction site 211,47.51414545,19.31432832,99.645,HU,Hungary,Pest,150,28470,construction
Construction site 212,Construction site 212,47.41346741,18.98193816,99.645,HU,Hungary,Pest,150,28470,construction
Construction site 213,Construction site 213,47.54184867,18.95440364,99.645,HU,Hungary,Budapest,150,28470,construction
Construction site 214,Construction site 214,47.56101343,19.06981455,99.645,HU,Hungary,Budapest,150,28470,construction
Construction site 215,Construction site 215,47.47903234,19.01659312,99.645,HU,Hungary,Budapest,150,28470,construction
Construction site 216,Construction site 216,47.44967822,19.26329336,99.645,HU,Hungary,Budapest,150,28470,construction
Construction site 217,Construction site 217,47.44732381,19.22369313,99.645,HU,Hungary,Budapest,150,28470,construction
Construction site 218,Construction site 218,47.56575903,19.04353978,99.645,HU,Hungary,Budapest,150,28470,construction
Construction site 219,Construction site 219,47.45640706,19.03707196,99.645,HU,Hungary,Budapest,150,28470,construction
Construction site 220,Construction site 220,47.42515781,19.13904614,99.645,HU,Hungary,Budapest,150,28470,construction
Construction site 221,Construction site 221,47.47834291,19.00706328,99.645,HU,Hungary,Budapest,150,28470,construction
Construction site 222,Construction site 222,47.48268162,19.0413846,99.645,HU,Hungary,Budapest,150,28470,construction
Construction site 223,Construction site 223,47.46214249,19.20605053,99.645,HU,Hungary,Budapest,150,28470,construction
Construction site 224,Construction site 224,47.43491202,19.01243613,99.645,HU,Hungary,Budapest,150,28470,construction
Construction site 225,Construction site 225,47.41581373,19.02751393,99.645,HU,Hungary,Budapest,150,28470,construction
Construction site 226,Construction site 226,47.49979204,19.21143734,99.645,HU,Hungary,Budapest,150,28470,construction
Construction site 227,Construction site 227,47.40591977,18.98063948,99.645,HU,Hungary,Pest,150,28470,construction
Construction site 228,Construction site 228,47.59425761,19.1321929,99.645,HU,Hungary,Pest,150,28470,construction
Construction site 229,Construction site 229,47.54810116,19.05575012,99.645,HU,Hungary,Budapest,150,28470,construction
Construction site 230,Construction site 230,47.51237823,18.94259618,99.645,HU,Hungary,Pest,150,28470,construction
Construction site 231,Construction site 231,47.59408156,19.09500056,99.645,HU,Hungary,Budapest,150,28470,construction
Construction site 232,Construction site 232,47.4794345,19.11499397,99.645,HU,Hungary,Budapest,150,28470,construction
Construction site 233,Construction site 233,47.53237402,19.15343317,99.645,HU,Hungary,Budapest,150,28470,construction
Construction site 234,Construction site 234,47.44635825,19.08285782,99.645,HU,Hungary,Budapest,150,28470,construction
Construction site 235,Construction site 235,47.56734053,19.15094278,99.645,HU,Hungary,Budapest,150,28470,construction
Construction site 236,Construction site 236,47.4230501,19.01070601,99.645,HU,Hungary,Budapest,150,28470,construction
Construction site 237,Construction site 237,47.46919995,19.002605,99.645,HU,Hungary,Budapest,150,28470,construction
Construction site 238,Construction site 238,47.57114245,18.94603685,99.645,HU,Hungary,Budapest,150,28470,construction
Construction site 239,Construction site 239,47.46772558,19.15697509,99.645,HU,Hungary,Budapest,150,28470,construction
Construction site 240,Construction site 240,47.44950465,19.09982699,99.645,HU,Hungary,Budapest,150,28470,construction
Construction site 241,Construction site 241,47.51885164,19.00784191,99.645,HU,Hungary,Budapest,150,28470,construction
Construction site 242,Construction site 242,47.38972689,19.19447831,99.645,HU,Hungary,Budapest,150,28470,construction
Construction site 243,Construction site 243,47.52988913,18.94136867,99.645,HU,Hungary,Budapest,150,28470,construction
Construction site 244,Construction site 244,47.49996248,18.96879468,99.645,HU,Hungary,Budapest,150,28470,construction
Construction site 245,Construction site 245,47.56117121,19.09550195,99.645,HU,Hungary,Budapest,150,28470,construction
Construction site 246,Construction site 246,47.42297034,18.96607049,99.645,HU,Hungary,Pest,150,28470,construction
Construction site 247,Construction site 247,47.469718,19.10510717,99.645,HU,Hungary,Budapest,150,28470,construction
Construction site 248,Construction site 248,47.47197864,18.9986783,99.645,HU,Hungary,Budapest,150,28470,construction
Construction site 249,Construction site 249,47.51144398,19.13508722,99.645,HU,Hungary,Budapest,150,28470,construction
Construction site 250,Construction site 250,47.51954225,19.14783655,99.645,HU,Hungary,Budapest,150,28470,construction
Construction site 251,Construction site 251,47.46129569,19.32360855,99.645,HU,Hungary,Pest,150,28470,construction
Construction site 252,Construction site 252,47.39970729,19.09045347,99.645,HU,Hungary,Budapest,150,28470,construction
Construction site 253,Construction site 253,47.53147368,19.11899977,99.645,HU,Hungary,Budapest,150,28470,construction
Construction site 254,Construction site 254,47.4517038,19.16339954,99.645,HU,Hungary,Budapest,150,28470,construction
Construction site 255,Construction site 255,47.46509223,19.28704481,99.645,HU,Hungary,Budapest,150,28470,construction
Construction site 256,Construction site 256,47.58024501,19.08807358,99.645,HU,Hungary,Budapest,150,28470,construction
Construction site 257,Construction site 257,47.450517,19.19347759,99.645,HU,Hungary,Budapest,150,28470,construction
Construction site 258,Construction site 258,47.5680125,19.06224322,99.645,HU,Hungary,Budapest,150,28470,construction
Construction site 259,Construction site 259,47.48245085,19.03656082,99.645,HU,Hungary,Budapest,150,28470,construction
Construction site 260,Construction site 260,47.50066301,19.20798707,99.645,HU,Hungary,Budapest,150,28470,construction
Construction site 261,Construction site 261,47.43957519,19.2806615,99.645,HU,Hungary,Pest,150,28470,construction
Construction site 262,Construction site 262,47.39463921,18.98820234,99.645,HU,Hungary,Pest,150,28470,construction
Construction site 263,Construction site 263,47.54110392,19.15749934,99.645,HU,Hungary,Budapest,150,28470,construction
Construction site 264,Construction site 264,47.5067972,19.18812683,99.645,HU,Hungary,Budapest,150,28470,construction
Construction site 265,Construction site 265,47.40155415,19.16023877,99.645,HU,Hungary,Budapest,150,28470,construction
Construction site 266,Construction site 266,47.45278895,19.04385612,99.645,HU,Hungary,Budapest,150,28470,construction
Construction site 267,Construction site 267,47.49182574,19.16382855,99.645,HU,Hungary,Budapest,150,28470,construction
Construction site 268,Construction site 268,47.4076437,19.11610817,99.645,HU,Hungary,Budapest,150,28470,construction
Construction site 269,Construction site 269,47.37296485,19.1167381,99.645,HU,Hungary,Budapest,150,28470,construction
Construction site 270,Construction site 270,47.56779561,18.94578035,99.645,HU,Hungary,Budapest,150,28470,construction
Construction site 271,Construction site 271,47.48320372,19.20171223,99.645,HU,Hungary,Budapest,150,28470,construction
Construction site 272,Construction site 272,47.4544749,19.04404964,99.645,HU,Hungary,Budapest,150,28470,construction
Construction site 273,Construction site 273,47.56028434,19.00851093,99.645,HU,Hungary,Budapest,150,28470,construction
Construction site 274,Construction site 274,47.49881616,19.010565,99.645,HU,Hungary,Budapest,150,28470,construction
Construction site 275,Construction site 275,47.43230036,19.1600579,99.645,HU,Hungary,Budapest,150,28470,construction
Construction site 276,Construction site 276,47.5615173,19.14563442,99.645,HU,Hungary,Budapest,150,28470,construction
Construction site 277,Construction site 277,47.5136445,19.03975468,99.645,HU,Hungary,Budapest,150,28470,construction
Construction site 278,Construction site 278,47.47259883,19.03987237,99.645,HU,Hungary,Budapest,150,28470,construction
Construction site 279,Construction site 279,47.55315759,19.033317,99.645,HU,Hungary,Budapest,150,28470,construction
Construction site 280,Construction site 280,47.48588746,19.22716368,99.645,HU,Hungary,Budapest,150,28470,construction
Construction site 281,Construction site 281,47.40960592,19.21750434,99.645,HU,Hungary,Budapest,150,28470,construction
Construction site 282,Construction site 282,47.44386644,19.15481254,99.645,HU,Hungary,Budapest,150,28470,construction
Construction site 283,Construction site 283,47.49250628,19.04940291,99.645,HU,Hungary,Budapest,150,28470,construction
Construction site 284,Construction site 284,47.44672619,18.98270069,99.645,HU,Hungary,Budapest,150,28470,construction
Construction site 285,Construction site 285,47.51326878,19.13288077,99.645,HU,Hungary,Budapest,150,28470,construction
Construction site 286,Construction site 286,47.48817576,19.05692437,99.645,HU,Hungary,Budapest,150,28470,construction
Construction site 287,Construction site 287,47.37030592,19.16143181,99.645,HU,Hungary,Budapest,150,28470,construction
Construction site 288,Construction site 288,47.48208044,19.0054124,99.645,HU,Hungary,Budapest,150,28470,construction
Construction site 289,Construction site 289,47.45296046,19.25841117,99.645,HU,Hungary,Budapest,150,28470,construction
Construction site 290,Construction site 290,47.36126524,19.14245469,99.645,HU,Hungary,Pest,150,28470,construction
Construction site 291,Construction site 291,47.53584133,19.06800901,99.645,HU,Hungary,Budapest,150,28470,construction
Construction site 292,Construction site 292,47.41619333,19.18970329,99.645,HU,Hungary,Budapest,150,28470,construction
Construction site 293,Construction site 293,47.54011434,19.00202368,99.645,HU,Hungary,Budapest,150,28470,construction
Construction site 294,Construction site 294,47.55577111,19.16014213,99.645,HU,Hungary,Budapest,150,28470,construction
Construction site 295,Construction site 295,47.55235861,19.02763637,99.645,HU,Hungary,Budapest,150,28470,construction
Construction site 296,Construction site 296,47.44184246,19.21055286,99.645,HU,Hungary,Budapest,150,28470,construction
Construction site 297,Construction site 297,47.52446733,19.07165396,99.645,HU,Hungary,Budapest,150,28470,construction
Construction site 298,Construction site 298,47.53439143,19.12841111,99.645,HU,Hungary,Budapest,150,28470,construction
Construction site 299,Construction site 299,47.58884842,19.06328941,99.645,HU,Hungary,Budapest,150,28470,construction
Construction site 300,Construction site 300,47.48170875,19.2073319,99.645,HU,Hungary,Budapest,150,28470,construction
Construction site 301,Construction site 301,47.53898175,19.18457093,99.645,HU,Hungary,Budapest,150,28470,construction
Construction site 302,Construction site 302,47.4207459,19.18308317,99.645,HU,Hungary,Budapest,150,28470,construction
Construction site 303,Construction site 303,47.55681632,18.94960927,99.645,HU,Hungary,Budapest,150,28470,construction
Construction site 304,Construction site 304,47.38642896,19.12907207,99.645,HU,Hungary,Budapest,150,28470,construction
Construction site 305,Construction site 305,47.54353863,18.97831531,99.645,HU,Hungary,Budapest,150,28470,construction
Construction site 306,Construction site 306,47.48153624,19.23008602,99.645,HU,Hungary,Budapest,150,28470,construction
Construction site 307,Construction site 307,47.54354172,19.18132533,99.645,HU,Hungary,Budapest,150,28470,construction
Construction site 308,Construction site 308,47.50096911,18.9626995,99.645,HU,Hungary,Budapest,150,28470,construction
Construction site 309,Construction site 309,47.44989571,19.2386524,99.645,HU,Hungary,Budapest,150,28470,construction
Construction site 310,Construction site 310,47.44559588,19.03537952,99.645,HU,Hungary,Budapest,150,28470,construction
Construction site 311,Construction site 311,47.4976506,18.98292856,99.645,HU,Hungary,Budapest,150,28470,construction
Construction site 312,Construction site 312,47.49079687,19.09986926,99.645,HU,Hungary,Budapest,150,28470,construction
Construction site 313,Construction site 313,47.58125893,19.09110213,99.645,HU,Hungary,Budapest,150,28470,construction
Construction site 314,Construction site 314,47.4686727,18.99725917,99.645,HU,Hungary,Budapest,150,28470,construction
Construction site 315,Construction site 315,47.51464676,19.14713619,99.645,HU,Hungary,Budapest,150,28470,construction
Construction site 316,Construction site 316,47.5258549,18.98887579,99.645,HU,Hungary,Budapest,150,28470,construction
Construction site 317,Construction site 317,47.4549923,19.18719351,99.645,HU,Hungary,Budapest,150,28470,construction
Construction site 318,Construction site 318,47.46051818,19.24852317,99.645,HU,Hungary,Budapest,150,28470,construction
Construction site 319,Construction site 319,47.4786327,19.01405858,99.645,HU,Hungary,Budapest,150,28470,construction
Construction site 320,Construction site 320,47.48227786,19.04876668,99.645,HU,Hungary,Budapest,150,28470,construction
Construction site 321,Construction site 321,47.42066132,19.05622071,99.645,HU,Hungary,Budapest,150,28470,construction
Construction site 322,Construction site 322,47.49556867,18.96657015,99.645,HU,Hungary,Budapest,150,28470,construction
Construction site 323,Construction site 323,47.3824423,19.12205631,99.645,HU,Hungary,Budapest,150,28470,construction
Construction site 324,Construction site 324,47.48088529,19.25432606,99.645,HU,Hungary,Budapest,150,28470,construction
Construction site 325,Construction site 325,47.55055178,19.15257039,99.645,HU,Hungary,Budapest,150,28470,construction
Construction site 326,Construction site 326,47.48470225,19.07947083,99.645,HU,Hungary,Budapest,150,28470,construction
Construction site 327,Construction site 327,47.42649934,19.11225071,99.645,HU,Hungary,Budapest,150,28470,construction
Construction site 328,Construction site 328,47.40581531,19.13757361,99.645,HU,Hungary,Budapest,150,28470,construction
Construction site 329,Construction site 329,47.50655511,19.31233467,99.645,HU,Hungary,Pest,150,28470,construction
Construction site 330,Construction site 330,47.36340517,19.12958504,99.645,HU,Hungary,Pest,150,28470,construction
Construction site 331,Construction site 331,47.45997827,19.12346538,99.645,HU,Hungary,Budapest,150,28470,construction
Construction site 332,Construction site 332,47.44306583,19.03320076,99.645,HU,Hungary,Budapest,150,28470,construction
Construction site 333,Construction site 333,47.4396485,19.23993224,99.645,HU,Hungary,Budapest,150,28470,construction
Construction site 334,Construction site 334,47.4607915,19.23613814,99.645,HU,Hungary,Budapest,150,28470,construction
Construction site 335,Construction site 335,47.43793907,19.25186889,99.645,HU,Hungary,Budapest,150,28470,construction
Construction site 336,Construction site 336,47.4502746,19.15544842,99.645,HU,Hungary,Budapest,150,28470,construction
Construction site 337,Construction site 337,47.41235194,19.10075093,99.645,HU,Hungary,Budapest,150,28470,construction
Construction site 338,Construction site 338,47.46909085,19.22728701,99.645,HU,Hungary,Budapest,150,28470,construction
Construction site 339,Construction site 339,47.51921333,19.07307274,99.645,HU,Hungary,Budapest,150,28470,construction
Construction site 340,Construction site 340,47.43090493,19.25848885,99.645,HU,Hungary,Budapest,150,28470,construction
Construction site 341,Construction site 341,47.55936683,18.95106706,99.645,HU,Hungary,Budapest,150,28470,construction
Construction site 342,Construction site 342,47.43762593,19.1035203,99.645,HU,Hungary,Budapest,150,28470,construction
Construction site 343,Construction site 343,47.44664081,19.28209475,99.645,HU,Hungary,Budapest,150,28470,construction
Construction site 344,Construction site 344,47.48613604,19.02158322,99.645,HU,Hungary,Budapest,150,28470,construction
Construction site 345,Construction site 345,47.48509003,19.27172997,99.645,HU,Hungary,Budapest,150,28470,construction
Construction site 346,Construction site 346,47.48312769,19.14589747,99.645,HU,Hungary,Budapest,150,28470,construction
Construction site 347,Construction site 347,47.54807384,19.10789746,99.645,HU,Hungary,Budapest,150,28470,construction
Construction site 348,Construction site 348,47.39866586,19.05399777,99.645,HU,Hungary,Budapest,150,28470,construction
Construction site 349,Construction site 349,47.45702823,19.2186595,99.645,HU,Hungary,Budapest,150,28470,construction
Construction site 350,Construction site 350,47.42928178,19.12206382,99.645,HU,Hungary,Budapest,150,28470,construction
Construction site 351,Construction site 351,47.48005917,19.13260424,99.645,HU,Hungary,Budapest,150,28470,construction
Construction site 352,Construction site 352,47.412898,19.1311947,99.645,HU,Hungary,Budapest,150,28470,construction
Construction site 353,Construction site 353,47.55091742,19.10086725,99.645,HU,Hungary,Budapest,150,28470,construction
Construction site 354,Construction site 354,47.54921284,19.0502526,99.645,HU,Hungary,Budapest,150,28470,construction
Construction site 355,Construction site 355,47.44664552,19.00481828,99.645,HU,Hungary,Budapest,150,28470,construction
Construction site 356,Construction site 356,47.49072427,19.03105892,99.645,HU,Hungary,Budapest,150,28470,construction
Construction site 357,Construction site 357,47.53714664,19.01602861,99.645,HU,Hungary,Budapest,150,28470,construction
Construction site 358,Construction site 358,47.5782898,19.11047081,99.645,HU,Hungary,Budapest,150,28470,construction
Construction site 359,Construction site 359,47.47635645,19.10200592,99.645,HU,Hungary,Budapest,150,28470,construction
Construction site 360,Construction site 360,47.5721854,19.11484391,99.645,HU,Hungary,Budapest,150,28470,construction
Construction site 361,Construction site 361,47.48744322,18.95963657,99.645,HU,Hungary,Budapest,150,28470,construction
Construction site 362,Construction site 362,47.45106388,19.1853883,99.645,HU,Hungary,Budapest,150,28470,construction
Construction site 363,Construction site 363,47.49842208,19.25847445,99.645,HU,Hungary,Budapest,150,28470,construction
Construction site 364,Construction site 364,47.45788895,19.15952848,99.645,HU,Hungary,Budapest,150,28470,construction
Construction site 365,Construction site 365,47.47080618,18.9924961,99.645,HU,Hungary,Budapest,150,28470,construction
Construction site 366,Construction site 366,47.40246012,18.98805422,99.645,HU,Hungary,Pest,150,28470,construction
Construction site 367,Construction site 367,47.52447089,19.24012475,99.645,HU,Hungary,Budapest,150,28470,construction
Construction site 368,Construction site 368,47.43626573,19.05003855,99.645,HU,Hungary,Budapest,150,28470,construction
Construction site 369,Construction site 369,47.39433738,19.17120199,99.645,HU,Hungary,Budapest,150,28470,construction
Construction site 370,Construction site 370,47.5473486,18.98766697,99.645,HU,Hungary,Budapest,150,28470,construction
Construction site 371,Construction site 371,47.43657756,19.22608956,99.645,HU,Hungary,Budapest,150,28470,construction
Construction site 372,Construction site 372,47.54073666,19.02785281,99.645,HU,Hungary,Budapest,150,28470,construction
Construction site 373,Construction site 373,47.42716379,19.24365759,99.645,HU,Hungary,Budapest,150,28470,construction
Construction site 374,Construction site 374,47.50335243,19.23409253,99.645,HU,Hungary,Budapest,150,28470,construction
Construction site 375,Construction site 375,47.51279632,19.31411845,99.645,HU,Hungary,Pest,150,28470,construction
Construction site 376,Construction site 376,47.41059693,19.08884492,99.645,HU,Hungary,Budapest,150,28470,construction
Construction site 377,Construction site 377,47.50488255,19.28155443,99.645,HU,Hungary,Budapest,150,28470,construction
Construction site 378,Construction site 378,47.49946335,19.28437061,99.645,HU,Hungary,Budapest,150,28470,construction
Construction site 379,Construction site 379,47.54691858,19.07461833,99.645,HU,Hungary,Budapest,150,28470,construction
Construction site 380,Construction site 380,47.41166985,19.17331813,99.645,HU,Hungary,Budapest,150,28470,construction
Construction site 381,Construction site 381,47.60091597,19.08546393,99.645,HU,Hungary,Budapest,150,28470,construction
Construction site 382,Construction site 382,47.42641891,19.24268515,99.645,HU,Hungary,Budapest,150,28470,construction
Construction site 383,Construction site 383,47.45679221,19.07898892,99.645,HU,Hungary,Budapest,150,28470,construction
Construction site 384,Construction site 384,47.41454669,19.20605643,99.645,HU,Hungary,Budapest,150,28470,construction
Construction site 385,Construction site 385,47.57623708,18.99302237,99.645,HU,Hungary,Budapest,150,28470,construction
Construction site 386,Construction site 386,47.59217769,19.03764096,99.645,HU,Hungary,Budapest,150,28470,construction
Construction site 387,Construction site 387,47.4793401,19.31687725,99.645,HU,Hungary,Budapest,150,28470,construction
Construction site 388,Construction site 388,47.40045914,19.0419177,99.645,HU,Hungary,Budapest,150,28470,construction
Construction site 389,Construction site 389,47.57739201,19.12576572,99.645,HU,Hungary,Budapest,150,28470,construction
Construction site 390,Construction site 390,47.58786973,19.0929758,99.645,HU,Hungary,Budapest,150,28470,construction
Construction site 391,Construction site 391,47.48857509,19.06217547,99.645,HU,Hungary,Budapest,150,28470,construction
Construction site 392,Construction site 392,47.3987788,19.05724312,99.645,HU,Hungary,Budapest,150,28470,construction
Construction site 393,Construction site 393,47.40077908,19.00846745,99.645,HU,Hungary,Budapest,150,28470,construction
Construction site 394,Construction site 394,47.36497082,19.17127661,99.645,HU,Hungary,Pest,150,28470,construction
Construction site 395,Construction site 395,47.46441254,19.19479293,99.645,HU,Hungary,Budapest,150,28470,construction
Construction site 396,Construction site 396,47.3991953,19.09428915,99.645,HU,Hungary,Budapest,150,28470,construction
Construction site 397,Construction site 397,47.54069773,19.14691327,99.645,HU,Hungary,Budapest,150,28470,construction
Construction site 398,Construction site 398,47.5063895,19.03485121,99.645,HU,Hungary,Budapest,150,28470,construction
Construction site 399,Construction site 399,47.45456361,19.08581715,99.645,HU,Hungary,Budapest,150,28470,construction
Construction site 400,Construction site 400,47.462902,19.16759385,99.645,HU,Hungary,Budapest,150,28470,construction
Construction site 401,Construction site 401,47.45543983,19.25644376,99.645,HU,Hungary,Budapest,150,28470,construction
Construction site 402,Construction site 402,47.4437227,19.23846669,99.645,HU,Hungary,Budapest,150,28470,construction
Construction site 403,Construction site 403,47.53992525,18.98585648,99.645,HU,Hungary,Budapest,150,28470,construction
Construction site 404,Construction site 404,47.49120556,19.11133595,99.645,HU,Hungary,Budapest,150,28470,construction
Construction site 405,Construction site 405,47.52655497,19.21206751,99.645,HU,Hungary,Budapest,150,28470,construction
Construction site 406,Construction site 406,47.44745529,19.18236867,99.645,HU,Hungary,Budapest,150,28470,construction
Construction site 407,Construction site 407,47.41508163,18.99159528,99.645,HU,Hungary,Budapest,150,28470,construction
Construction site 408,Construction site 408,47.4366091,19.17171574,99.645,HU,Hungary,Budapest,150,28470,construction
Construction site 409,Construction site 409,47.48195047,19.05300894,99.645,HU,Hungary,Budapest,150,28470,construction
Construction site 410,Construction site 410,47.50762863,19.10315833,99.645,HU,Hungary,Budapest,150,28470,construction
Construction site 411,Construction site 411,47.39364006,19.01662143,99.645,HU,Hungary,Budapest,150,28470,construction
Construction site 412,Construction site 412,47.46185704,19.22618442,99.645,HU,Hungary,Budapest,150,28470,construction
Construction site 413,Construction site 413,47.47556916,19.09089156,99.645,HU,Hungary,Budapest,150,28470,construction
Construction site 414,Construction site 414,47.41984494,19.14837797,99.645,HU,Hungary,Budapest,150,28470,construction
Construction site 415,Construction site 415,47.52358165,19.10862471,99.645,HU,Hungary,Budapest,150,28470,construction
